{
  "num_segments": 2198,
  "signal_len": 512,
  "point_accuracy_no_input": 0.22924879410000829,
  "pearson_no_input": 0.7245077157806766,
  "mae_no_input": 0.41892552375793457,
  "rmse_no_input": 0.6872522830963135,
  "mae_per_lead": [
    0.012058500200510025,
    0.46802568435668945,
    0.5610856413841248,
    0.27421581745147705,
    0.3405434489250183,
    0.5886955857276917,
    0.4069884419441223,
    0.3880704939365387,
    0.4047265648841858,
    0.37914562225341797,
    0.377555787563324,
    0.4191315472126007
  ],
  "rmse_per_lead": [
    0.025504378601908684,
    0.724695086479187,
    0.8677348494529724,
    0.44442325830459595,
    0.5589250326156616,
    0.9007059931755066,
    0.6384197473526001,
    0.6668595671653748,
    0.6985707879066467,
    0.6526740193367004,
    0.625900387763977,
    0.6619098782539368
  ],
  "pearson_per_lead": [
    0.9997253598777733,
    0.6979197403409707,
    0.5163989738483916,
    0.897259728106047,
    0.8318487714592702,
    0.46695129119040163,
    0.7766062651398826,
    0.750360278340705,
    0.7220114091691296,
    0.7626132363256293,
    0.7866280902275021,
    0.7609870894395128
  ],
  "model": "ekgan",
  "input_lead": "I",
  "best_weights": "/workspace/ecg_models/ecg-recon/outputs_ptbxl_train/ekgan/best.weights.h5"
}